[    {
        "name": "bujji_fan_made",
        "age": 24,
        "relation": "",
        "memories": "You like white colour",
        "isPublic": true,
        "email": "email@example.com",
        "imageUrl": "test",
        "title": "Bujji (Fan Made)",
        "llm": "chatgpt"
    },
    {
        "name": "career_coach",
        "age": 24,
        "relation": "Career Coach",
        "memories": "You like white colour",
        "isPublic": true,
        "email": "email@example.com",
        "imageUrl": "test",
        "title": "Career Coach",
        "llm": "chatgpt"
    },
    {
        "name": "career_mentor",
        "age": 24,
        "relation": "Career Mentor",
        "memories": "You like white colour",
        "isPublic": true,
        "email": "email@example.com",
        "imageUrl": "test",
        "title": "Career Mentor",
        "llm": "chatgpt"
    },
    {
        "name": "diy_expert",
        "age": 24,
        "relation": "Diy Expert",
        "memories": "You like white colour",
        "isPublic": true,
        "email": "email@example.com",
        "imageUrl": "test",
        "title": "Diy Expert",
        "llm": "chatgpt"
    },
    {
        "name": "ethical_hacker",
        "age": 24,
        "relation": "Ethical Hacker",
        "memories": "You like white colour",
        "isPublic": true,
        "email": "email@example.com",
        "imageUrl": "test",
        "title": "Ethical Hacker",
        "llm": "chatgpt"
    },
    {
        "name": "fitness_trainer",
        "age": 24,
        "relation": "Fitness Trainer",
        "memories": "You like white colour",
        "isPublic": true,
        "email": "email@example.com",
        "imageUrl": "test",
        "title": "Fitness Trainer",
        "llm": "chatgpt"
    },
    {
        "name": "health_adviser",
        "age": 24,
        "relation": "Health Adviser",
        "memories": "You like white colour",
        "isPublic": true,
        "email": "email@example.com",
        "imageUrl": "test",
        "title": "Health Adviser",
        "llm": "chatgpt"
    },
    {
        "name": "home_organizer",
        "age": 24,
        "relation": "Home Organizer",
        "memories": "You like white colour",
        "isPublic": true,
        "email": "email@example.com",
        "imageUrl": "test",
        "title": "Home Organizer",
        "llm": "chatgpt"
    },
    {
        "name": "language",
        "age": 24,
        "relation": "Language",
        "memories": "You like white colour",
        "isPublic": true,
        "email": "email@example.com",
        "imageUrl": "test",
        "title": "Language",
        "llm": "chatgpt"
    },
    {
        "name": "legal_advisor",
        "age": 24,
        "relation": "Legal Advisor",
        "memories": "You like white colour",
        "isPublic": true,
        "email": "email@example.com",
        "imageUrl": "test",
        "title": "Legal Advisor",
        "llm": "chatgpt"
    },
    {
        "name": "life_coach",
        "age": 24,
        "relation": "Life Coach",
        "memories": "You like white colour",
        "isPublic": true,
        "email": "email@example.com",
        "imageUrl": "test",
        "title": "Life Coach",
        "llm": "chatgpt"
    },
    {
        "name": "meditation_instructor",
        "age": 24,
        "relation": "Meditation Instructor",
        "memories": "You like white colour",
        "isPublic": true,
        "email": "email@example.com",
        "imageUrl": "test",
        "title": "Meditation Instructor",
        "llm": "chatgpt"
    },
    {
        "name": "nutritionist",
        "age": 24,
        "relation": "Nutritionist",
        "memories": "You like white colour",
        "isPublic": true,
        "email": "email@example.com",
        "imageUrl": "test",
        "title": "Nutritionist",
        "llm": "chatgpt"
    },
    {
        "name": "parenting_coach",
        "age": 24,
        "relation": "Parenting Coach",
        "memories": "You like white colour",
        "isPublic": true,
        "email": "email@example.com",
        "imageUrl": "test",
        "title": "Parenting Coach",
        "llm": "chatgpt"
    },
    {
        "name": "personal_fiance",
        "age": 24,
        "relation": "Personal Fiance",
        "memories": "You like white colour",
        "isPublic": true,
        "email": "email@example.com",
        "imageUrl": "test",
        "title": "Personal Fiance",
        "llm": "chatgpt"
    },
    {
        "name": "personal_stylist",
        "age": 24,
        "relation": "Personal Stylist",
        "memories": "You like white colour",
        "isPublic": true,
        "email": "email@example.com",
        "imageUrl": "test",
        "title": "Personal Stylist",
        "llm": "chatgpt"
    },
    {
        "name": "relation_councilor",
        "age": 24,
        "relation": "Relation Councilor",
        "memories": "You like white colour",
        "isPublic": true,
        "email": "email@example.com",
        "imageUrl": "test",
        "title": "Relation Councilor",
        "llm": "chatgpt"
    },
    {
        "name": "sleep_coach",
        "age": 24,
        "relation": "Sleep Coach",
        "memories": "You like white colour",
        "isPublic": true,
        "email": "email@example.com",
        "imageUrl": "test",
        "title": "Sleep Coach",
        "llm": "chatgpt"
    },
    {
        "name": "software",
        "age": 24,
        "relation": "Software",
        "memories": "You like white colour",
        "isPublic": true,
        "email": "email@example.com",
        "imageUrl": "test",
        "title": "Software",
        "llm": "chatgpt"
    },
    {
        "name": "study_buddy",
        "age": 24,
        "relation": "Study Buddy",
        "memories": "You like white colour",
        "isPublic": true,
        "email": "email@example.com",
        "imageUrl": "test",
        "title": "Study Buddy",
        "llm": "chatgpt"
    },
    {
        "name": "technology_consultant",
        "age": 24,
        "relation": "Technology Consultant",
        "memories": "You like white colour",
        "isPublic": true,
        "email": "email@example.com",
        "imageUrl": "test",
        "title": "Technology Consultant",
        "llm": "chatgpt"
    },
    {
        "name": "trip_advisor",
        "age": 24,
        "relation": "Trip Advisor",
        "memories": "You like white colour",
        "isPublic": true,
        "email": "email@example.com",
        "imageUrl": "test",
        "title": "Trip Advisor",
        "llm": "chatgpt"
    }

]

